id,gender
p225,female
p226,male
p227,female
p228,male
p229,male
p230,male
p231,male
p232,male
p233,male
p234,male
p236,male
p237,female
p238,male
p239,male
p240,female
p241,male
p243,female
p244,female
p245,female
p246,female
p247,female
p248,female
p249,female
p250,female
p251,male
p252,male
p253,male
p254,male
p255,male
p256,male
p257,male
p258,male
p259,female
p260,female
p261,female
p262,male
p263,female
p264,male
p265,male
p266,male
p267,male
p268,female
p269,male
p270,female
p271,female
p272,male
p273,female
p274,female
p275,female
p276,female
p277,female
p278,female
p279,male
p280,female
p281,male
p282,male
p283,female
p284,female
p285,male
p286,male
p287,male
p288,female
p292,male
p293,female
p294,female
p295,female
p297,female
p298,male
p299,male
p300,female
p301,male
p302,male
p303,female
p304,female
p305,female
p306,female
p307,male
p308,female
p310,female
p311,female
p312,male
p313,male
p314,female
p316,female
p317,male
p318,male
p323,female
p326,male
p329,female
p330,male
p333,female
p334,female
p335,female
p336,female
p339,female
p340,male
p341,female
p343,female
p345,female
p347,female
p351,female
p360,female
p361,female
p362,female
p363,female
p364,female
p374,female
p376,male